Feature,Final_Expense_Insurance,Traditional_Term_Life,Traditional_Whole_Life,Winner_For_Seniors,Winner_For_Young_Families
Primary Purpose,Cover funeral and burial costs,Replace income for specific term,Lifetime income replacement and wealth building,Final Expense,Term Life
Coverage Amount Range,$5000-$25000,$100000-$5000000+,$50000-$1000000+,Final Expense,Term or Whole Life
Typical Coverage Amount,$10000-$15000,$250000-$500000,$100000-$250000,Final Expense,Term or Whole Life
Age Range,50-85 years,18-65 years,0-80 years,Final Expense,Both available
Medical Exam Required,No,Yes (usually),Yes (usually),Final Expense,Either
Health Questions,Few (3-10) or none,Extensive (50+),Extensive (50+),Final Expense,Either
Blood/Urine Test,Never,Yes,Yes,Final Expense,Either
Application Time,5-15 minutes,30-60 minutes,30-60 minutes,Final Expense,Either
Approval Time,24-48 hours,4-8 weeks,4-8 weeks,Final Expense,Either
Approval Rate,90%+ (Guaranteed 100%),60-70%,60-70%,Final Expense,Depends on health
Monthly Premium Example Age 30,$35-$50 (for $10K),$20-$30 (for $250K),$100-$150 (for $100K),N/A - Too young,Term Life (best value)
Monthly Premium Example Age 50,$50-$75 (for $10K),$100-$150 (for $250K),$400-$600 (for $100K),Final Expense,Term Life if healthy
Monthly Premium Example Age 65,$65-$95 (for $10K),$200-$300 (if available),$800-$1200 (if available),Final Expense,Final Expense
Monthly Premium Example Age 75,$95-$140 (for $10K),Often not available,Often not available,Final Expense,Final Expense
Premium Structure,Level (never increases),Level during term then increases,Level (never increases),Final Expense,Term initially then Whole
Policy Type,Whole Life only,Term only,Whole Life,Final Expense,Depends on need
Coverage Duration,Lifetime,10-30 years,Lifetime,Final Expense,Depends on need
Waiting Period,Sometimes 0-3 years,Rarely,Rarely,Depends on health,Traditional
Cash Value Accumulation,Small,None,Significant,Traditional Whole,Traditional Whole
Can Borrow Against Policy,Yes (small amounts),No,Yes (larger amounts),Traditional Whole,Traditional Whole
Acceptance with Diabetes,Yes,Depends on severity,Depends on severity,Final Expense,Traditional if well-controlled
Acceptance with Heart Disease,Yes (if not recent),Usually no,Usually no,Final Expense,Final Expense only option
Acceptance with Cancer History,Yes (2+ years remission),Depends,Depends,Final Expense,Depends on timeline
Acceptance at Age 80,Yes,No,Rarely,Final Expense,Final Expense
Best for Funeral Costs Only,Excellent,Overkill,Overkill,Final Expense,Final Expense
Best for Income Replacement,Insufficient,Excellent,Excellent,Traditional,Traditional
Best for Mortgage Payoff,Insufficient,Excellent,Excellent,Traditional,Traditional
Best for Fixed Income Budget,Yes,No (unless young),No,Final Expense,Term Life
Cost Per $1000 Coverage,Higher,Lowest,High,Traditional Term,Traditional Term
Complexity of Application,Very Simple,Moderate,Moderate,Final Expense,Either
Guaranteed Issue Available,Yes,No,Rarely,Final Expense,N/A
Simplified Issue Available,Yes,Sometimes,Sometimes,Final Expense,Either if available
Conversion Options,No,Yes (to whole),Already whole,N/A,Term Life flexibility
Portability,Fully portable,Fully portable,Fully portable,All equal,All equal
Tax-Free Death Benefit,Yes,Yes,Yes,All equal,All equal
Claim Payout Speed,5-14 days,14-30 days,14-30 days,Final Expense,Final Expense
Can Assign to Funeral Home,Yes,Yes but uncommon,Yes but uncommon,Final Expense,Final Expense
Expires,Never,Yes (at end of term),Never,Final Expense or Whole,Depends on need
Renewable,N/A - permanent,Yes at higher rate,N/A - permanent,Final Expense,Depends
Ideal Candidate Age,50-85,25-50,Any age,Final Expense,Term for young
Ideal Health Status,Any (even poor),Good to excellent,Good to excellent,Final Expense,Traditional
Ideal Income Level,Fixed/limited,Any,Higher income,Final Expense,Depends
With Pre-existing Conditions,Excellent option,Difficult to get,Difficult to get,Final Expense,Final Expense
Need Coverage Quickly,Excellent,Poor,Poor,Final Expense,Final Expense
Want to Avoid Medical Exam,Excellent,Poor,Poor,Final Expense,Final Expense
Building Estate,Poor tool,Poor tool,Excellent tool,Traditional Whole,Traditional Whole
Maximum Age to Apply,80-85,65-70,75-80,Final Expense,Either
Minimum Age to Apply,45-50,18,0,N/A,Traditional
Premium Affordability for Seniors,Excellent,Poor,Very Poor,Final Expense,Final Expense
Premium Affordability for Youth,N/A,Excellent,Moderate,N/A,Term Life
Covers Average Funeral Cost,Yes ($7K-$12K),Yes (overkill),Yes (overkill),Final Expense,Any
Covers Family Income Loss,No,Yes,Yes,Traditional,Traditional
Covers Outstanding Mortgage,No,Yes,Yes,Traditional,Traditional
Covers Children's Education,No,Yes,Yes,Traditional,Traditional
Best for Single Person No Dependents,Good,Unnecessary,Unnecessary,Final Expense,Final Expense
Best for Parent with Children,Insufficient,Excellent,Excellent,Traditional,Traditional
Best for Retiree,Excellent,Often unavailable,Too expensive,Final Expense,Final Expense
Total Cost Over 20 Years Age 65,$15600-$22800 (for $10K),$48000+ (if available),$192000+ (if available),Final Expense,Final Expense
Total Cost Over 20 Years Age 35,N/A - wrong age,$4800-$7200 (for $250K),$48000-$72000 (for $100K),N/A,Term Life
Value if You Outlive Policy,Cash value (small),Zero,Cash value (large),Whole Life,Whole Life
Return on Investment,Low,Zero (term),Moderate (whole),Whole Life,Whole Life if long-term
Coverage Per Dollar Premium,Lower,Highest,Moderate,Term Life,Term Life
Ease of Qualification,Easiest,Moderate,Moderate,Final Expense,Final Expense
Application Rejection Rate,5-10% (0% guaranteed),30-40%,30-40%,Final Expense,Either
Covers Small Final Debts,Yes,Yes (overkill),Yes (overkill),Final Expense,Any
Need Both Types,Can add term,Can add final expense,Can add final expense,Both possible,Both recommended
Average Customer Age,68,38,42,Final Expense,Traditional
Primary Benefit,Peace of mind for funeral,Income protection,Lifelong protection,Final Expense,Depends on life stage
Primary Drawback,Small coverage only,Expires,Expensive,Each has purpose,Each has purpose
Best Value for Money,Seniors with health issues,Healthy young people,Long-term planning,Final Expense,Term Life
Industry Market Share,15%,60%,25%,Growing in senior market,Dominant overall
Customer Satisfaction,High,High,Moderate,Both good,Both good
